{
	"format_version": "1.12.0",
	"minecraft:geometry": [
		{
			"description": {
				"identifier": "geometry.hydralux_flower_small_bottom",
				"texture_width": 16,
				"texture_height": 16,
				"visible_bounds_width": 2,
				"visible_bounds_height": 2.5,
				"visible_bounds_offset": [0, 0.75, 0]
			},
			"bones": [
				{
					"name": "bone",
					"pivot": [8, 0, -8],
					"cubes": [
						{
							"origin": [5.624, 0, -5.75],
							"size": [0.001, 6, 16],
							"pivot": [5.625, 0, -5.75],
							"rotation": [0, -45, 0],
							"uv": {
								"east": {"uv": [4.53333, 1.33333], "uv_size": [2.13333, 0.73333]},
								"west": {"uv": [13.46667, 13.26667], "uv_size": [2.53333, 2.73333]}
							}
						},
						{
							"origin": [-5.751, 0, -5.75],
							"size": [0.001, 6, 16],
							"pivot": [-5.75, 0, -5.75],
							"rotation": [0, 45, 0],
							"uv": {
								"east": {"uv": [14.66667, 14.33333], "uv_size": [1.33333, 1.66667]},
								"west": {"uv": [4.53333, 1.33333], "uv_size": [2.13333, 0.73333]}
							}
						},
						{
							"origin": [-4, 6, -4],
							"size": [8, 2, 8],
							"uv": {
								"north": {"uv": [5.06667, 1.06667], "uv_size": [1.06667, 0.33333]},
								"east": {"uv": [5.06667, 1.06667], "uv_size": [1.06667, 0.33333]},
								"south": {"uv": [5.06667, 1.06667], "uv_size": [1.06667, 0.33333]},
								"west": {"uv": [5.06667, 1.06667], "uv_size": [1.06667, 0.33333]},
								"down": {"uv": [6.13333, 4.53333], "uv_size": [-1.06667, -1.06667]}
							}
						},
						{
							"origin": [-5, 8, -5],
							"size": [10, 8, 10],
							"uv": {
								"north": {"uv": [0.4, 7.33333], "uv_size": [1.33333, 1.06667]},
								"east": {"uv": [0.4, 7.33333], "uv_size": [1.33333, 1.06667]},
								"south": {"uv": [0.4, 7.33333], "uv_size": [1.33333, 1.06667]},
								"west": {"uv": [0.4, 7.33333], "uv_size": [1.33333, 1.06667]},
								"down": {"uv": [6.26667, 4.66667], "uv_size": [-1.33333, -1.33333]}
							}
						}
					]
				}
			]
		}
	]
}